mntd_standard,mntd_normal,mntd_actual,mass_fdiv_standard,mass_fdiv_normal,mass_fdiv_actual,beak_width_fdiv_standard,beak_width_fdiv_normal,beak_width_fdiv_actual,hwi_fdiv_standard,hwi_fdiv_normal,hwi_fdiv_actual,city_id,urban_pool_size
-0.08438945254709501,0.4659133138381907,47.04784790048048,1.3753126098188835,0.9361477254658885,0.93274745246852,-0.8092505955637556,0.3524538369117579,0.5703226319072916,1.006632128456807,0.9184211402340945,0.9278417242286234,10,4
-1.0761978624713666,0.0036782646866787326,28.839665926919245,-0.09860278177769516,0.4820179320029531,0.6753132276592216,0.36797475291183274,0.5961728849087139,0.6260098508245808,-0.1659391144418771,0.4891932928586859,0.4380119617771232,14,6
1.6377798942960478,0.996054607545199,52.2050354735333,0.7604820069364714,0.9182750189010591,0.9502772995100128,0.43528593911036906,0.6996757861040177,0.6606757925460516,-1.6363086673919967,0.0030188428503361135,0.9081184366454246,19,4
-0.9077396424913681,7.1618446141684e-4,28.788711036796045,-0.5330037806095073,0.3887914047534044,0.6024865197778705,0.0917745360509199,0.5386980591908179,0.577423065266811,-0.08957251610870333,0.47329830725490035,0.4435131397997822,21,6
0.1840877147656923,0.5922945937217381,49.53916950266744,0.870683139379644,0.8012419591638131,0.9024739155758915,-0.6918169477960777,0.329377498687925,0.5586866509581004,0.8790749432334147,0.8797835993312573,0.9178213901422989,29,4
1.3238788657326381,0.9922388334720151,51.115823160168404,0.303059578229295,0.5951469161494043,0.9313592109677532,-0.2319713053278352,0.41626480090094325,0.5523798314389577,-1.3262750058373316,0.0028506282293225826,0.91195682887406615,46,4
1.521700458352762,0.994133155305158,55.87965563310474,0.6003136665979262,0.7801572302860162,0.9550513379461195,0.11652787244699109,0.5576749994577996,0.6208856493398199,-1.5191795527159535,0.0037966834039514677,0.893971357309536,49,4
-0.9395624125118571,0.06846598235867511,31.07310611344834,-0.3886995119556637,0.4636855845532416,0.6748377074974893,0.5928838734151143,0.7046066640216447,0.7298329272616644,-0.3567417745413312,0.4663744948947246,0.5487921770571788,57,5
-0.648996168238414,0.20594979865802618,26.58315247174507,-1.1812150794025182,0.38892489800048274,0.5692960804847956,-0.6681029768304215,0.32306325606832204,0.6743825661823306,-0.9507076315310521,0.18341103179076063,0.4058203997711906,65,6
0.6848918869240898,0.650613647728148,24.422717846828835,-1.024252302959426,0.31398115494215106,0.6403209997030558,-0.4399236671507365,0.4198024162278033,0.6810722646044145,-0.6152788285003569,0.39425711862731877,0.6395982446735958,73,8
1.2344383534698133,0.9266332577811441,28.193320642955673,-0.31776150129008174,0.4798909397429391,0.6652553501015815,-0.9840479188891261,0.30269144460403835,0.3918077200688306,0.2676654759675664,0.5497705843039273,0.5582119501420337,74,7
-0.5395167950981862,0.22487925274016998,27.148879918505394,-1.5256213166831738,0.12126291628682759,0.5869905838682835,1.0658851269245324,0.6594426470257023,0.7295225627937971,-1.002172992739628,0.20365988439440183,0.39766965680213895,79,6
1.758380732555195,0.9883196263936053,48.22034762269393,-1.4215655010117652,0.12148612208680415,0.5512736654098612,-0.8306806897988726,0.3263976753770705,0.4707289580836974,-0.711239521919805,0.33669435608106096,0.4072842692845615,84,6
-0.6650344451252628,0.12041996428421559,24.995857010142654,0.02569326735053295,0.5079826109063016,0.6902949434632294,-0.12094737773031686,0.4836569985353046,0.5888735298336905,-0.2537382680734828,0.5369481387482344,0.5965316882875604,88,7
-0.021516058409905413,0.46795988557173285,38.95420644617123,-0.5362554253638062,0.2718959564364573,0.7170738482497097,-0.23833944591118014,0.4065084790354943,0.6430666653526298,-0.9384996240584225,0.19850595113015357,0.5412034593940026,93,5
1.437154961593344,0.993643631606559,46.80941165834669,0.24163361737195171,0.5973676718133832,0.9218623929047371,-0.025610193081985325,0.49359371228465626,0.5892594676563927,-1.4439121504506114,0.0012508581700823556,0.9287166295063416,101,4
0.12014616052237577,0.5791835644691696,38.466195448805976,-0.2468895825456712,0.4299681602475239,0.6786836234946393,0.02657744898097376,0.47795738377986596,0.6391175604944441,0.39487260566724547,0.632127235282826,0.5151453328877875,111,5
-0.7456135546405742,0.16621760167410257,25.296613486087313,-0.7990300160875455,0.35021888114423527,0.6259544816296547,0.09773692952616153,0.538222465246046,0.6231804139538507,-0.36145606439004235,0.4172025086673367,0.5026189640013206,112,6
0.9228574956093248,0.5524691172939142,48.20038751609155,0.1983305245770868,0.6659456403825953,0.7962197789558453,-1.6880243316095727,0.22770738281484043,0.3560292878233266,0.20653051585094764,0.7049752116768918,0.7261472865499793,116,5
-0.6077957886284245,0.423831335296711,23.415395475540713,1.3171859279858855,0.8565319183404289,0.8054265569519586,0.1030101085460203,0.5828833610283785,0.6550136034263555,1.1416078665736784,0.7557736580540693,0.8010970833500131,122,9
-0.9643813813836608,0.004252890772942603,34.51768438347825,0.6294810170241747,0.837322985820882,0.9402279171283348,-1.1685006956980521,0.16854754780743458,0.43486808792579035,0.9701866875044232,0.9999999999999982,0.9773571004817074,139,4
-0.807003100238802,0.1592748143065632,25.46939991168596,-1.426100426934505,0.18200790487909324,0.5922183950735289,-0.12624672214145985,0.4424829251749021,0.5929552280375429,-0.7648358169442755,0.2423816540615915,0.4387737413152201,140,6
-0.9756893343961048,0.15152995415429238,32.67743544445886,-1.138153655337425,0.20297030432189783,0.6490168594474517,1.7380521414325614,0.8973634921520128,0.8039727029454576,-0.9143835970594903,0.18977359597888244,0.438332185113054,143,5
0.9048614396546902,0.7714046030539594,41.19172727459098,-0.10471095029563318,0.49518471499977795,0.7021391367784133,-0.5923774507303985,0.4146918742839193,0.635224187659382,-0.1383199996841534,0.4972446322917487,0.5876192683477636,144,5
-1.2254619254529295,0.2552926931574081,21.93476605657785,0.7394201842538991,0.8018945947986411,0.8399640921640112,-0.5521230569702816,0.3920604593541743,0.45440066146511915,1.3352404680810888,0.8653330653531137,0.8173411142523981,154,7
1.7181013099539195,0.9913955638832815,47.32450696150827,0.840272623945763,0.7581041511523458,0.8053063029210515,-0.7240625699498975,0.3463567975373685,0.47790302748737096,1.8875553268727143,0.9897169634694871,0.7717755228525521,155,6
0.1216349651590886,0.47032700792873505,40.783010225917046,-0.2536474084793589,0.4175242352564254,0.7258157213474428,-0.07432077145037264,0.507968559833405,0.6223341868159433,-0.15063885019048975,0.4628786236077016,0.5989080243192854,178,5
0.7100349807449481,0.6661950996999387,26.552195925993242,-1.621564550447015,0.09476204746351354,0.5381244684561388,-2.239970534113453,0.007211946699263063,0.26480305133724524,-0.5613427466690011,0.4054891571276168,0.4284768076990098,179,7
-1.1100436871611312,0,32.38531925173242,-0.2633426306107514,0.4840078207806645,0.902993477222648,-1.6504244633049303,0,0.3306674663350751,1.1085443253267364,0.9995905081788177,0.9855901011545569,187,4
0.4231430821978593,0.7715619224314569,45.14176912388821,-0.9547341935801636,3.1034728905502776e-15,0.8748656664139399,-0.9515934658579641,0,0.7075121249324299,-0.42390725623811604,0.2277245794442136,0.9483237537886493,193,3
0.6231705849419124,0.9592073091479192,44.62252988884936,-0.45537486518229425,0.13598876279172523,0.8952297871120821,-0.9256832527895813,0.058946643906789394,0.4532682472102677,-0.6439483224574916,0.029668453444432884,0.9368453368269469,196,4
-0.6303540379990988,0.18038035803111646,26.084246073656512,-1.1288193748328648,0.2705456928498812,0.5893192800436562,0.5955451219779365,0.6426585963048257,0.6974710158230436,-0.6202758260385219,0.33571141088485107,0.4500417842234589,200,6
-0.8636757424189019,0.3516413291368105,24.593043494712493,0.0415386795411262,0.5437143501695209,0.691818908563655,-1.7428900246546872,0.16331869005696342,0.3401488199052233,0.28613240667604867,0.5817600543123087,0.6631909660501462,202,8
-0.15808168607222386,0.33922820413272803,26.47587061904061,-0.20029167195711778,0.5995376051278204,0.6649397465907597,-0.029155269745243132,0.5519188030784513,0.6504789451047446,-0.32036086878272435,0.5915093961597493,0.6546215269179649,219,8
0.5098802652756388,0.47944642953298033,25.461873080546106,0.0029890255934352304,0.64923521023411,0.6955054578280332,-0.43267464305983616,0.4622029861078471,0.6191490159724902,-0.3907094326532925,0.48264469256941595,0.6480717309718973,225,9
0.9943451740326005,0.7089198578767287,27.215272315666336,-0.4755311497885634,0.40472513983232516,0.6206661464703628,0.985717063682767,0.692704109752306,0.7594950800762402,-1.24723427667237,0.22770289946460828,0.529799065362984,234,7
-0.5305300920708721,0.2309277358157995,25.117890049294413,0.06117210323721889,0.6613823826517283,0.6969890014940912,7.06070048714002e-4,0.5656108628051907,0.6206109892885628,-0.16870230598742827,0.5746884000259957,0.6139591962787804,249,8
1.1283780534830259,0.8758406840800762,27.046416016369744,-1.172742627445352,0.21065378606272228,0.5280329706293436,0.6914896297374464,0.756619277627304,0.8222408481803379,-1.2811223916755314,0.15976791825328082,0.31954646431124445,250,6
-0.15066994550997703,0.45222300658617864,23.647574830350155,0.40071872896919303,0.6051165451728752,0.6831280842526889,1.518020145402153,0.7513087471629666,0.7961128249109418,-0.3065545021520905,0.5817020282948187,0.6400834488816772,255,8
0.36324690172432494,0.7301643760025305,45.119576893768695,-0.999151524789426,0,0.8721015324502104,-0.9952693634181062,0,0.7013361963218999,-0.3643188471261547,0.2689169877829708,0.94839266950388,273,3
1.5610996166305338,0.9959679983998765,27.7583421262611,-1.2704989860459783,0.2085108592428953,0.524297914604633,1.0563434766580602,0.8403121663210665,0.8688685531840613,-1.424783792935128,0.1568615929187819,0.30869412215658304,274,6
-0.40525031076869944,0.2631343391859575,24.9751386860075,-0.8387989152380668,0.5004414124748396,0.5995296274956151,-2.529650752658721,0.044249798315739976,0.28371709560435604,-0.5045731337305978,0.5073873243008389,0.6241671839329096,289,8
1.8714957278435316,1,51.522874775955316,-0.9135752709840109,0.2624009496702716,0.5870677265745017,0.9348337293372557,0.810637566858369,0.8610331206442331,-1.1974378021375236,0.14843858815745123,0.3649603078300577,316,5
0.0734794598602184,0.4627291745127187,25.01591301882521,-0.45475500287756504,0.5330714292983473,0.6633265872151394,0.7727394989441786,0.6914952232016602,0.7715378704667334,-0.6181176687572383,0.4709692922038175,0.6241992162303459,322,8
0.3510992299883312,0.6171999583250533,56.3137276235331,-0.2916852730855241,0.43491753068448846,0.6766396770106097,1.4845908668796541,1,0.9265140938043889,-0.7664137033343247,0.24716320689005267,0.36956446412403016,324,4
1.4218918578867294,0.6953979950818687,50.77335972826817,1.4140277493146063,0.9481824237900042,0.9469890314707228,1.111959125188558,0.8996149226033539,0.9049779128584182,0.9842459150439988,0.9087803374087383,0.9142670360045554,347,5
0.2673916625665069,0.6667510128012726,44.90568199683225,-1.0657362025464119,0,0.8702311656979943,-1.0613858036347268,0,0.6971638934962444,-0.26878983180261,0.3321550853782041,0.9490570217261942,351,3
-0.7941303870387929,0.39140547219389027,24.736110933345557,-0.41315283265852626,0.581527221929143,0.6220266283801474,0.015092037696280333,0.5628576481564987,0.7022349103538907,-0.31723129419378854,0.5020720751990194,0.6309769918540545,352,8
-0.29534960767866186,0.2481297816970012,23.235374313908384,0.5382186219128017,0.641251995185317,0.7574877249937346,0.45441603224480315,0.6119693854305047,0.6931240331637635,0.10364059958259265,0.5719046712955034,0.6939657158281847,361,9
-0.761898425228938,0,30.79177422059903,0.6514326897606989,0.9455608714160296,0.9706302778097025,0.6517623916541856,0.9407710176056963,0.9290048940542265,0.7654667362679983,1,0.9933941008757879,364,3
-0.5686700237037404,0.21087412593634175,24.405690710207324,-0.46279359305561896,0.5225707089726179,0.6640370713749388,0.5216018548975733,0.5907348326698988,0.7085915692056787,-0.7661172838927549,0.3742348113212545,0.6195892517265945,369,8
0.00898619243421094,0.31378405872907394,21.599010724805908,-0.7904138067142724,0.4999703713327918,0.6362927744814014,-2.521130881751606,0.1266795744158819,0.32251873749696797,-0.5708112599528117,0.4749495449213233,0.6232384146184384,394,12
0.48538116853314733,0.48024704662420575,24.35671449498537,-0.3483912997524726,0.516210959830165,0.6005892041707617,-2.6263360615706084,0.15302019724370142,0.40096201336754134,-0.5156166414704365,0.48069260560438015,0.5820998859406264,396,9
-1.2676312666490286,8.761468595869089e-4,28.98454173362073,0.29473977427160797,0.5842918517746319,0.6928219122978468,0.07833489287297661,0.5548534002764131,0.841897669848574,-0.10810431628810392,0.46249539032511056,0.47583088991648487,402,5
1.3684271321361676,1,61.85370758621202,1.0079947446820035,0.9999999999999994,0.9803794081825199,1.0278622992083681,1,0.9524057369764778,-1.365166399298724,0,0.8971007031368033,413,3
1.3899256097357273,1,56.18825764136285,0.929360090327779,0.9999999999999992,0.9452969676135727,0.9407599862277775,1,0.8689519706751894,-1.388283366078493,0,0.9143160648637799,419,3
1.055816756897002,0.4683547813545321,24.170872306684252,1.328384138828921,0.8012560324452356,0.8156465062250566,1.324049309523244,0.7243100648527019,0.7622266263701045,0.42561689709769246,0.6396142346655426,0.735715574062752,429,9
0.0351729896459035,0.6224823198313401,45.7410426197405,-1.4961546530226515,0.007671059496052134,0.5359196701877883,-1.760479529361854,0.09715035428971557,0.49159243510126194,-1.4850738348648684,0.08396689307568574,0.4548402242916105,443,4
-1.3708514128322775,0.2245306210666143,15.52905728489575,0.8577932344966064,0.7418770089600402,0.7660141859866899,0.681445577697537,0.6881853702813172,0.7217629550738706,1.1600138238270903,0.8185660896435912,0.8399609554837594,459,10
0.6862906063179645,0.7360134880882885,53.92909491858125,-1.1822096436139655,0.16239491264023892,0.5368012525176244,0.233211753496944,0.6295636172522164,0.710275103670467,-0.36426214615234376,0.4538510591712653,0.5866116413890917,467,4
-0.0534524478015687,0.40503089934238923,33.82535503939882,0.006162088318472347,0.666177493655652,0.7104710073073903,-1.4455555079337317,0.2568999185820372,0.3575156017690858,-1.5687046203368944,0.29156421870980126,0.38633204810662203,468,5
1.4102498766673084,0.7912368645450046,35.83828806161335,1.0314637197318508,0.7317737161061425,0.7898447615162014,-0.22943247111245643,0.504485183286365,0.6379157335690737,-0.22857613915182062,0.4979940705149456,0.56758400728609,474,10
1.3620088664785213,1,61.233234781864574,1.0252813607339546,1,0.9791072378540485,1.0450006181104265,0.9999999999999998,0.949342878273009,-1.3586352531633028,0,0.8989787199290573,488,3
0.072759455683334,0.4888929016628467,33.95557352485239,-0.3536196653932098,0.43359770242738177,0.6567033081330247,0.20333123317087543,0.6652558399732025,0.7887268982706642,-1.136083927565371,0.2556184925987733,0.4121531095090386,501,5
-0.08484635934660649,0.4284466089805435,27.568582475148673,0.7378675129701839,0.6939838053303606,0.7308275869200704,0.7597321560001495,0.7568173541712078,0.8553670575522686,-0.574278128442489,0.3687427287281959,0.4364321761104501,502,6
-0.06213797533471369,0.246159208218583,23.292895819807352,1.3447141547667665,0.911287750465338,0.9046926060177528,-0.48301115745279616,0.5006104540057812,0.5585064927872572,0.010190535879661844,0.606125430971025,0.6384431038134201,514,9
0.35439516757690187,0.5032758717891032,40.26306331159394,-1.2905739467908495,0.2436566598815286,0.5702895709899006,-1.1828780979463789,0.3215226557062981,0.5095964489180806,-0.7320463000098029,0.45470151499754613,0.6033265574376675,530,5
2.3474295068956654,0.9624160596862372,45.9514927931514,1.217052571469756,0.8616006565280669,0.8820110153151686,-0.1402973647753913,0.5591760492325487,0.6166479444238061,-0.19635089181112433,0.5304575037140576,0.6039898890841118,544,8
1.0415639900119824,1,55.570769019311705,1.3564878808051062,0.9999999999999994,0.9943032573796937,1.3657730048008982,1,0.9861119742993114,-1.0357423305431812,0,0.9162015977747738,557,3
-0.12722941479204145,0.4053077982245867,30.716851757146355,0.04950245155087269,0.537931750986246,0.6461327808071907,-1.0336160399622663,0.28177264288153503,0.46346177162006663,-1.0682979850902643,0.3056904646820543,0.41732212172542443,559,6
1.3491471596047777,1,62.480940211935454,1.058174442730886,1,0.9898570918722217,1.0802316969813184,1,0.975312230753718,-1.345047470308621,0,0.8952040639895044,562,3
0.6893384157633389,0.5349551480273527,30.953630960748118,1.4108113777948366,0.8945345900471474,0.9098798003624015,0.03432650828564965,0.6333029669006556,0.6873633316062249,-0.04486712337784643,0.564738130078476,0.6149612899970016,564,8
0.8624656218979097,0.8607068797328055,61.847209730865934,-0.3984106919730454,0.42405072065933935,0.6315735130026788,0.479497884235027,0.871855809722534,0.8727880598873077,-0.8374051055404634,0.1651936659811578,0.3801516259610036,571,4
-0.4509873570540369,0.26003768449114406,23.841324499825166,1.2585016933186062,0.8862268771676335,0.8945238852965376,-1.0458048692176114,0.41890211618383855,0.482148147197759,0.1784801942859919,0.6567179846910413,0.6811889728414551,578,8
0.41476107957035757,0.6047080473326443,21.403664555311103,1.309371843642075,0.7817454870696025,0.8011087759912714,0.9651951588493922,0.7096550035518879,0.715316875329701,-0.14794161189098481,0.46811278309089543,0.6334277559373225,589,10
0.022047043959845806,0.37804608908572734,29.332322524324105,-0.264073242784643,0.4747288846694771,0.6097024937797026,-0.353428212747252,0.45827341530301935,0.6250162719448004,-1.028948661783148,0.3756894653035131,0.4837324257050613,603,8
1.1997128656309088,0.5126136910279004,30.244926226263864,1.4896502712716693,0.9863061878203879,0.9801633275319833,-0.5561316842953016,0.4537007582001623,0.46141510895162635,-0.9048322678638523,0.401389271770074,0.4488921445508932,624,8
1.3353695800924952,1,63.27289065833688,1.0885607039938723,1,0.9984846050403322,1.1122100731215467,1,0.9963000661999242,-1.3305832610321235,0,0.8928119830082589,627,3
-0.6761489993180729,0.28083282397964815,19.22562302978954,1.4208705913189026,0.8661249606731518,0.8659717140375895,-0.22288254368422394,0.5244537541719079,0.6052647679426088,0.7717452460422601,0.7439860228785924,0.7760688931508061,629,7
1.2636717342516726,1,58.64426607314309,1.1955074486915434,1,0.9854034161877133,1.2137114038798724,1,0.9645287930455625,-1.2583756363056817,0,0.9068344563374549,639,3
1.3696820867355766,1,65.23845563442372,1.007127941206516,1,0.9978101290965458,1.030684567236903,1,0.9946545898358113,-1.3658436209258125,0,0.8868876828835136,655,3
0.017352486628339856,0.4316967111002759,34.78524679943077,1.1742946097551539,0.8997448290550267,0.8949914627320581,-0.34146118498456046,0.5361711615877094,0.6013240258112357,1.0655803901085301,0.8962552192529629,0.907935919120512,674,5
1.3340211650030893,1,63.32485819463286,1.0913118280161274,1,0.9991834171288783,1.1150720751004168,1,0.9980057582163171,-1.3291733122744822,0,0.8926551181319675,679,3
-1.2078756305259977,0.262304127080162,19.518999402008784,1.8916550532445355,0.9008208324069245,0.906390711030066,-0.369598036109607,0.5131968178021085,0.6040593876924463,0.708424320277767,0.7660406418495426,0.7893594403753733,693,6
-0.17353229837748693,0.353220362106059,20.8752234401609,1.6871997435438093,0.9637035592405577,0.9565716281788571,1.276263543873504,0.8727612483673687,0.8729437001137949,1.3178036637473873,0.9053572420294044,0.9022236757109283,724,8
1.3922333754273775,0.7879811580753728,26.55124306647215,-0.46887548162701054,0.296743039388975,0.6957556971826969,-0.808270524973016,0.2471505105312065,0.5953087047766981,0.4722520209855368,0.5931090925557696,0.6659248654832439,758,7
0.581768749702057,0.4217137791132489,23.131881323129484,1.0259523472904832,0.7883692031302009,0.8248928804613181,-0.1736730325090399,0.531979176169704,0.5927202884737861,0.6275608170909818,0.7203109740571938,0.7665120938243181,788,9
1.0418458549355498,0.7365936391121879,33.695768332189026,0.47975204453914827,0.6156460331238909,0.73397918497305,-0.765061415782965,0.40065478289828316,0.5815145822035009,0.4776424274823007,0.5942174688934073,0.6390746729473684,821,9
-0.8765728581530013,0.32269444377317946,19.627160498349415,1.9852471996869836,0.8467489773923147,0.861036110546205,-0.25119960432583327,0.5679070888206367,0.6360249953504478,0.6060717085568633,0.660285423103046,0.7149690965270213,838,10
1.6732454641811203,0.9251511843563748,39.36460550654867,-0.6743126134282901,0.39352388153138357,0.8356723514124624,-1.9162364581159586,0.09690344505607136,0.35664202784114435,-0.6539183788746796,0.3986292712589628,0.6010077608620756,854,8
-1.2414485952675485,0.2489460995667349,15.968480336451377,1.276470418769196,0.8816329143542552,0.8958844107184596,-0.9745289432548289,0.42798293756797,0.4937465753718956,1.718130371387653,0.954657322162086,0.9538859549432872,862,11
1.8800183644545805,0.6669466943146882,45.6918352102254,-0.2657571388271104,0.6571583325422435,0.7927738265919124,-1.4511521032352315,0.33803438605973896,0.4395998743568305,-1.3037483722925158,0.4055789222053848,0.5386705616543472,902,6
0.9075923346677398,0.7826224886114125,43.76274102954798,0.32886525724434396,0.5941644378620314,0.8081308576246786,-1.8002405789010385,0.012852162114444215,0.4461736301323246,-0.2708997600870675,0.43802439788820774,0.5765150484477137,906,5
0.5544151815940027,0.5895516489319061,25.70105652088922,0.06425398333567932,0.553454159880273,0.6737512866608011,-0.0956336103018705,0.5262148371559175,0.6550459112536797,-1.0922424290320731,0.33876414606226424,0.46940500120790385,907,10
0.5822268017565259,0.4542040663561397,23.499698609858044,0.736297528165131,0.7787073877027635,0.7974510290599481,-0.6102368230008447,0.45590406528850813,0.5289530116356742,-0.6172827475447427,0.473075516445022,0.5694820216739485,909,9
-0.4564317819449722,0.2899510347346888,39.11210344081056,0.9745663222420856,0.9782151293354427,0.9417642129280459,-1.50071137662148,0.17776894173795021,0.3624284897801622,0.8718839939533682,0.9217946848424753,0.8914156732501195,919,4
1.6760762860885459,1,68.45293181102137,-0.12726167723240775,0.45268128393912677,0.8003610348567691,-1.00496327126584,0.07896486488638625,0.4933411887733116,-0.6297117648721888,0.2723112716412331,0.4979997563204383,936,4
0.48214535748119847,0.871911016993721,51.48329752089973,-0.39873466220053583,0.29510795202619283,0.8399941316079559,-0.5948190695415657,0.18225549022504453,0.6907195639028848,-0.7629163803391483,0.3197388725905197,0.5837394513755885,971,4
1.2133940700208135,0.7259776356484549,56.06176189941177,-1.4298202631676622,0.32323088759110274,0.7601990565305617,-1.1343348826087742,0.3904639786078945,0.5195243540253149,-1.3171346828763386,0.4240172232346168,0.5190501668985273,974,4
-0.364203660133231,0.37734461866261804,25.671101017158154,0.8878615337979197,0.7071481218369161,0.8372090798208381,-0.7979482603717674,0.3591854424097415,0.6520803371901704,-1.5458427007122177,0.1594411455756718,0.5142612448967181,1040,6
1.038671091485873,0.5575054736550593,24.359257862040035,0.34068103666107535,0.6580042686751493,0.7487655436300962,-0.18907584151939852,0.5407096264164152,0.622149113171742,1.8024179050408042,0.9079742206669196,0.9117895182111219,1079,9
0.11731340930178799,0.5248801121618148,22.538347823937237,-0.2903604368637278,0.4294163958682073,0.7306051002935702,-0.8423502850216378,0.3197530744779348,0.6360270923405212,-1.3457364236330498,0.16690242966072177,0.5042343872735532,1110,7
-0.6147611384706453,0.3045566916059555,23.623796454900653,-0.02317542562687378,0.4991318049642534,0.760236604570278,-0.7420105998715659,0.36061934217933805,0.6431706388931314,-1.6646821811247972,0.13042327198654113,0.46203772389673825,1122,6
0.9865137325034348,0.4775418098924891,26.024767216866266,1.279507244089832,0.8154266323235659,0.8380747663041257,-1.8444031417121043,0.3381876879835456,0.43962918233436843,-2.2548959279727643,0.3490128352562624,0.4654458230742076,1123,9
0.024148366201992708,0.4785694892940034,29.420951855088873,0.4802732515083283,0.6200354553528413,0.7506717664977884,-1.0982683414571224,0.281383253130516,0.6577582474193213,-0.8161849195996397,0.3268313348597143,0.5553164934626976,1143,6
-0.6623979936225596,0.34015369549308755,34.152409443821234,-1.0003999203153653,0.1133865068575547,0.7293552284447951,-1.3214184340090067,0.04545451034078162,0.6164932094991281,-0.7830212610739306,0.22839690110371053,0.5412187019468756,1146,5
0.3473381968453509,0.4473036507046973,26.54283421553143,1.443424736567183,0.8833153361256085,0.8562884352776324,-1.6992683848621746,0.34138379485757475,0.5362303699661607,-1.1190953248893885,0.3529146256148631,0.49649013680360954,1223,7
-0.643048096947891,0.37510990554395224,17.48426804563901,1.8837914571067726,0.9353956801533966,0.9378996939869783,0.31052624645216415,0.6429321606069139,0.6829676419640165,0.30478782558482553,0.6446422446444545,0.7120095238755098,1308,11
-1.7459436660679035,0.2032019821114152,14.381434214365873,1.684287648176184,0.8695441280682099,0.8859718771138403,0.6788671041470508,0.7212668551904836,0.7502533312319983,0.5135918546590482,0.7361566487873553,0.756672692879505,1325,7
0.8984766819569285,0.6598609114862528,36.23449188083339,2.1147787299482514,0.9068047142576875,0.9126269737694098,0.16978939592866601,0.6404720810531153,0.6917758983604269,-0.49596814482150453,0.5664660256065182,0.6315053401289805,1329,6
0.8443241337436465,0.8061877170549578,21.623326731952556,-0.9248551017546575,0,0.6241091740828861,1.4499948693180926,0.9057778879906333,0.9306930329747638,0.17790696733631123,0.45062787753089295,0.7254707970605686,1557,4
1.0094909885798498,0.9055031323428594,21.637983579734403,-0.9125270480723128,0,0.6245214144228742,1.4901238459929889,0.9249378344048952,0.9340935036743861,0.001114460958285198,0.3762808410526697,0.7002589186933551,1575,4
0.24172213858016348,0.5708171009144756,17.765885604296052,1.2436147804141935,0.9988403698078767,0.9928197940658442,0.45910535490302606,0.6349464737007667,0.8300709822117612,1.6101484367352557,1,0.9687227770488711,1576,4
0.04121534500306056,0.5416121439920808,18.304161867805696,0.17930649612128016,0.5706720545587467,0.6741138962977642,1.6146229025071972,0.9982116048940756,0.9865849834958429,0.8494868171946051,0.7913417840126127,0.8505346418503054,1639,5
0.10003260020108183,0.5453121744520019,19.569882546849918,0.5944779164312194,0.676753304424947,0.6848193314494634,1.3341236280751017,0.9453800337516612,0.9506776803104696,-0.46133866870891965,0.34029303671892286,0.571285005447279,1663,4
0.7754742989078619,0.8008475988578784,21.54652977478548,-0.26111813304287,0.5034961859259758,0.6473373854825164,1.235936734028705,0.9140335582106116,0.9167395914658468,0.9148982607946476,0.8085770057739596,0.8342684692100891,1684,4
0.19057011170864685,0.5471642607898405,18.505146112761423,0.24255055982168686,0.5509327118226781,0.674371201441577,1.6146281708577161,0.9432991931409926,0.9464625973511668,-0.7889406013532979,0.2900398043878114,0.5769503694006257,1708,5
-0.32004120497425936,0.40694012757379255,18.375212158473772,0.19951622197434649,0.5569121291815854,0.6306334599378131,1.0402406376060096,0.9128691962076113,0.9443050258024374,-0.48893357881815774,0.3460550028120782,0.552260347547887,1716,4
-0.4030287091654645,0.4486239293587449,18.852676012083652,-0.5358856409341013,0.394578940909751,0.5929838508838046,1.378435291693937,0.9064217352423692,0.95113592450596,0.10554903538037824,0.5731351943531561,0.7215413258862026,1744,4
-0.013195981668671313,0.6199045763980325,19.789891231546978,-0.033454908343481894,0.5380618098504639,0.6847925999334042,1.479348517902929,0.9520820189717839,0.9175287257928391,-1.082034587993135,0.26380060225994095,0.5694188440348437,1758,4
0.16762998448453942,0.6315251638326511,20.189390225166658,0.21679581487551247,0.6153837987714119,0.7269346378176079,1.4576944111682175,0.9568048720397073,0.9379555143701769,-1.2352195116441544,0.22211127655664098,0.5294979496825907,1777,4
0.15800315373832033,0.6448983061628404,20.159801323245294,0.162714579278827,0.5889306521474054,0.7167710512560457,1.5281308290098934,0.9513429231200752,0.938865035549823,-1.1032223099124048,0.24991512455946663,0.553176154777122,1786,4
0.14271318951109008,0.595154656893585,20.152083682564555,0.2903400237295061,0.6716893003925306,0.7433202099847875,1.214900473894567,0.9622935683403306,0.9243394127247051,-1.549509417446677,0.15482383439749844,0.4690924783808008,1806,4
-0.03170133197209446,0.5744041774261414,19.748315670770655,0.08516920870522887,0.6080451669544357,0.7039118491367874,1.1966840817130826,0.933544574516439,0.9037096563358519,-1.5188648124199435,0.16971983254049589,0.5001304264081977,1825,4
-0.27428075739680174,0.5304935094758084,19.23675089008961,-0.1963574092934861,0.5225016985189268,0.6599163855819853,1.2775086441802626,0.9216268815306138,0.9071394981307714,-1.154979743155837,0.2664056082772496,0.5531821765118836,1836,4
0.13766473812834298,0.6178909772944644,20.122254236919087,0.2191212130932823,0.6284494024893992,0.7269018154208436,1.3545312898517723,0.9654218726955407,0.9258199126230301,-1.3903492735275844,0.19135730292197956,0.5094257006395478,1844,4
0.4621034809844425,0.7486251121955453,20.7798216289659,0.42208697273077944,0.679396285994005,0.7524415764659269,1.3120552176389684,0.9674474562141379,0.9043343314430837,-1.5786751409939421,0.12836410974839033,0.5061922866754823,1864,4
0.4547079588317987,0.5843501258352116,18.935923983745436,0.5888153088371773,0.612943730136067,0.7364938205914762,1.885256284509823,0.9995477796522917,0.9871957807813919,0.3080596360599546,0.5745937057314505,0.7424758617095024,1918,5
-0.11533073123462037,0.5135707507374685,18.04539043890398,-0.06396868899611519,0.5113181730078221,0.6262703498448228,1.3683463630739687,0.9233793456088872,0.9359637331281258,-0.895956954970958,0.27630572721247626,0.5499019130156141,1919,5
0.2979007433028403,0.7772827907941422,20.389811342730265,0.07980935434446233,0.5175258425028464,0.6993497053620061,1.717582215999122,0.9579731619936175,0.9164103521397515,-0.860946079666718,0.2711717046328437,0.6086092075196179,2025,4
0.12291801162150928,0.5791882408993924,18.433752275383792,0.1452384133095113,0.577328055595842,0.6637735357736452,1.3531492858800849,0.9353891462913161,0.9401050365663808,-1.0836360009862036,0.23952428110443497,0.5143162594671242,2054,5
0.3345108118151623,0.5177932114456938,18.72776222785833,0.463959008065063,0.543858290745508,0.7119501142792358,1.9316809382783506,0.9996615975917733,0.9841915808612598,-0.09608744596325493,0.4205075439821229,0.6783267611541849,2059,5
0.30781824162047045,0.6570375499160122,20.53399196286174,0.3495206620239399,0.6478787299166467,0.7541462954408945,1.5083315729580244,0.954119796348844,0.957838011289329,-1.1991516076581294,0.22315249575175242,0.5214933796024123,2131,4
0.3968223420606646,0.6222196750485128,18.929952582281807,0.4437776297951698,0.6333793073706272,0.7230181230549916,1.5925591896686015,0.9821137916935402,0.9779153077795812,-0.9472618265544115,0.2762078410314764,0.5274760590776741,2144,5
-0.08250827133370997,0.5695140290860924,19.632774698205274,-0.014055629462381519,0.5580741134746333,0.6887418945431745,1.4361159425946939,0.9422503146979007,0.9383250288225559,-1.019639571639211,0.2860364160870438,0.5578849570457878,2176,4
-0.12965901234880214,0.5928492557203647,19.55364621393772,-0.14992851803646715,0.5117748802834516,0.6678967608045401,1.4310550895631775,0.9374303841449474,0.9100922933730535,-1.046656797105193,0.27807497845690404,0.5763530860315746,2195,4
0.13317429657897714,0.5092676836068022,18.443120785396758,0.27624206111023025,0.5361227751983468,0.6855733451312827,1.840695204183962,0.9991072572090595,0.9890737397767485,0.3923324781034741,0.6035580015996558,0.7582784810303974,2237,5
-0.3822868920590874,0.44701866528005196,18.873762590215765,-0.08364356110228999,0.5888364203004436,0.6768823436378691,0.9624597024961653,0.8884411238955255,0.9071723238314914,-1.4745913239197412,0.18929131255159376,0.4618412418325215,2298,4
0.48686045719885973,0.6625173157333565,21.59801116396603,-0.76702510213452,0.09052613819985475,0.6342323067427851,1.4315166142569495,0.9067639660419188,0.9418225618969308,0.36938194258687473,0.5450254816757538,0.7608985345579532,2378,4
-0.31404556203802786,0.4498965556502794,18.982685646948617,0.009863744762844575,0.6318637532351772,0.6966861621374447,1.0317509846044914,0.9290920016803994,0.9318393116599867,-1.4087456440909178,0.21018999057627924,0.44810383882924354,2455,4
0.38421729600834303,0.6060910568998422,24.067258637529218,-0.7123077098548269,0.26527068248378033,0.7165370197410165,0.8594781371845169,0.9757075490320455,0.9108333362838535,-1.5025974486295308,4.1023781615649546e-16,0.5976637334648264,2473,3
-0.24976942654380005,0.3982492878657796,18.5767454039047,0.3569756123705584,0.6088011481212071,0.6609806892319834,0.9205846131052474,0.9191490689457849,0.9281172059958015,-0.8515012250862983,0.2637140700680371,0.48483212981337426,2503,4
-0.32844629854570995,0.5389013445249081,19.128842078660515,-0.3349168944865953,0.4668094061750706,0.6390226925741668,1.3730807929848847,0.9270723761248825,0.9141097665581601,-0.7943246381277974,0.3409361411532481,0.6012545670468947,2524,4
-0.36720586745104755,0.4333450262677375,18.7675407640446,-0.028715727519827074,0.6157282129670391,0.6899774113612873,1.1271324693985907,0.9408016462651823,0.9648076499362251,-1.1738514364570956,0.2710307620826554,0.46823705528864434,2542,4
0.6247973890191568,0.8767379036302287,24.151519280325964,-1.7313200625781406,0.09216512065388885,0.5019383280351465,0.32517514515783374,0.7518618786897966,0.8368724499685921,0.7935650901326974,0.8052425836764816,0.8590093678248728,2546,3
0.4005201978660496,0.869365310427293,23.3092319636103,-1.1790587738131297,0.09975043049805213,0.6229297652420949,0.8789474879142333,0.8326152236965326,0.8793043783021525,-1.5073406108664336,0.0036809281291996726,0.5927785463968134,2737,3
0.04765188597089871,0.46541320226445837,19.49872898282231,0.6870572010488091,0.7321754987084357,0.7506460182230582,0.9459478323833831,0.9570890039129872,0.9561647896512272,-1.117096718809101,0.18847903198161095,0.3987654124030273,2757,4
-1.2453094931950943,0.15723431259338985,22.520692122932292,-1.6191582671333087,0,0.5463598092246874,0.245259461115457,0.7485811335402883,0.8526782751663099,-1.0745849031126808,0.13303639201437076,0.5699793359157994,2792,3
-0.33590939346185206,0.4369732507530549,18.8624039149188,0.011302815892995019,0.6329026753493112,0.6990747158692762,1.0826886603526908,0.9425481376872844,0.9557479658585281,-1.2827303186228567,0.2423153217995628,0.4489757757556666,2860,4
-0.20232251638182291,0.5346159943704839,19.367405957077395,-0.0933844197224838,0.5501477508617502,0.6754465905476662,1.3282706473525236,0.9415294737339479,0.9252653173898152,-1.112878459184651,0.2735067516573719,0.5462409010605889,2897,4
-0.41270957178438683,0.3969818825721355,17.50652706268352,-0.2273442310884683,0.4478419288346859,0.595440025296919,1.6297158553185989,0.996519719574277,0.9807981042667218,0.7232427320651215,0.7522713807955083,0.8217305521819986,2907,5
0.2889997827673357,0.7215192266793724,20.455057819902176,0.1481681856308509,0.546119652059214,0.7159722637873545,1.7293649217861593,0.9297345474489588,0.9684291690140509,-0.5806536566214824,0.34245389784362806,0.6208655803243367,2937,4
1.3032296497974434,1,18.50105051087386,0.14311473530628396,0.5844176364025517,0.763281251910928,1.1566596634991553,1,0.9177016823781265,1.1574115146820527,1,0.9154639317233356,2983,3
0.44975837057492934,0.8522141363368955,23.458685942709785,-0.6901309409542404,0.3378543056093893,0.684728185519354,1.0963533619968104,0.9176257221729386,0.9002422611612835,-1.959090703889594,0.003627939925461251,0.5485237489993434,3022,3
-0.42052796189827324,0.3897899485230175,17.478984008994647,-0.25014085186460905,0.439602063614159,0.590457488476855,1.6166099975322998,0.9968500349336787,0.9827482621634287,0.0054645271800918705,0.5514972283041367,0.695953022969093,3037,5
-0.3623079261228565,0.49167329226500917,19.0097064310322,-0.4280123434718414,0.435560826295387,0.6191884546327308,1.4195306629450746,0.9179672456368063,0.9362836145422243,-0.31510945436004506,0.4615018028137038,0.6588421381426633,3041,4
0.5504767629710724,0.9154054403933961,23.728584619787675,-1.2032312931382276,0.10137824784372984,0.6300271335473303,1.0014306102309205,0.8785608612475361,0.8817336856996012,-1.1548131346414359,0.14216151114446407,0.6425975142940997,3042,3
-0.634450527232615,0.40672809859693787,18.300699854600094,-0.5001583556218056,0.4529623401121586,0.5996315435752412,1.1861302583660198,0.9188480304995219,0.9286570317372537,-0.5943090454856939,0.41874946946172964,0.6101120675760685,3070,4
0.36825218688359057,0.5388878539720231,18.77558286348669,0.48749226466455914,0.5622730351834089,0.7153334213067849,1.916708186380426,0.9994925421522335,0.9816948202566513,-0.23827423907343004,0.39251603530594004,0.656661857338726,3203,5
0.4560383302125336,0.8663742874876337,23.469123083315548,-1.3961315656582631,0.09867382807391982,0.5992236996852583,0.8199802913292379,0.8366397661027591,0.8711430822982801,-1.070376128149783,0.21221884125473864,0.6405656789712864,3216,3
-0.5310740939746211,0.4190415266232138,18.522864247201973,-0.5030952910600428,0.4328502674914399,0.5969169342057808,1.3103321675098905,0.91202922005334,0.9484240518896014,-0.24871884354615004,0.4950249055927746,0.6642406012687057,3228,4
-0.5563197437156739,0.33043549615092915,17.790619176653188,0.16645343512111072,0.5478088639634696,0.6190103339077745,0.667427731309756,0.7666299136221815,0.8914504776450849,1.6918847565616781,1,0.9069537244099802,3255,4
-1.354641796442835,0.06845115156460715,21.75304760889699,-0.5988253102192453,0.34378239883404216,0.6786379550146675,-0.0936532420768521,0.473299150039934,0.6087365583330656,0.17257612611330228,0.535285420366093,0.643117713984926,3278,8
0.8398954391759156,0.8825002601617465,21.692067618840014,-0.48777546743764555,0.37743313016862345,0.6078806775640184,1.4188796977020104,0.8473826438692735,0.9393196845765706,-0.5153925171635156,0.3645243169079372,0.6289787574480973,3280,4
0.8327432789645963,0.8580121234442594,21.657988431561353,0.6220069275724556,0.689347135617001,0.7947412107194299,1.718033806737013,0.9602370230065337,0.9655873811898554,-0.9605180929757627,0.2552464402934902,0.5676266706439508,3362,4
-0.7729231904746743,0.3289355320465924,16.46941579443243,-0.5923696049781564,0.3870438474407215,0.4983132758869646,1.2855437880937568,0.9960111607795517,0.9852196179114342,1.0615886736075675,0.9355121471125696,0.935563295750148,3392,5
0.7767284940001695,0.9627519830813709,24.841732241988336,0.6593495555095844,0.8107653138696232,0.9002630126308269,-1.8701218704717586,0.03927202036472582,0.5027463214015537,1.3477550855655132,0.9955825816734847,0.9907662957127971,3395,3
-1.7369643869228897,0.008965993042862672,13.650125892576131,-1.597240670234549,0.23552182906209987,0.32744204276823025,0.6981356310361057,0.9896470109893636,0.9863816418861309,0.7397145917452412,0.9903353263141025,0.986004677725403,3407,3
-1.5877562869196071,0.20375368600680543,16.12225280874066,-1.316757732673548,0.24831890471970527,0.5072141743272747,1.0833806440139815,0.9883069929519064,0.9885485299132234,1.176020331561235,0.9890682724255392,0.9882313694116542,3412,3
0.9060158639034573,0.9244390175557223,24.463759998026493,0.3746741447149925,0.7417292657530843,0.8916831871171516,-1.3751263926169113,0.19477113695627116,0.549551349587163,1.2357544117945538,0.9938912495080477,0.9877053646417867,3430,3
-1.0401317324931256,0.22598288175158582,16.686207288607104,-0.933116562024648,0.32710735334079716,0.47029000952374805,0.9113956612150422,0.8983916418908366,0.9385792605642157,0.19506695129579724,0.6733754209657249,0.7496901196096216,3528,4
0.12896437208262682,0.5613109442024142,20.175097910283135,0.05340250076583306,0.6134101796404716,0.7010655287537968,0.1367500686522695,0.5921479138687683,0.7388645122618256,1.2675800288917782,0.9521621043624873,0.9604372614349028,3574,6
-1.857874653501775,0.05999176353369351,22.363312934775866,-0.9520643189897602,0.19889644986959035,0.7029854618274127,-1.324117080923362,0.1292763143365144,0.5454670401936055,2.161001588436765,0.9798499025889497,0.8040232882882143,3684,7
-1.2746463101402548,0.0719410106943601,22.21036446759047,0.0941739075677136,0.6244935512541953,0.7859266146678335,-0.5033537702481352,0.4157384857206366,0.6495758231681432,1.3346612263494104,0.8481575760873907,0.7584637544333989,3709,6
-1.107342543920183,0.037166164066076944,19.61615231253691,-2.0359021171184946,0.21761651973638566,0.3763132629163225,-0.20947624080302707,0.5932548821511141,0.6432977394141891,-1.3016236444161193,0.36154809225790363,0.47189321069470436,4189,6
1.0076585402508575,0.9883200737576313,28.154796389731874,0.7345839676154321,0.6755645547796714,0.8688662444507267,0.866807794530016,0.7909214799298079,0.83479419965607915,1.0677717107416371,0.8879579824218795,0.9061341821042783,4225,3
1.7239130847854118,1,27.50178429511903,1.6281836951907411,1,0.9695914808159865,0.9282989771705631,0.8802739718875329,0.8893341211926318,1.6911596138146596,0.9999999999999996,0.9766673154541898,4259,4
0.35950041241931163,0.6087226473621975,20.6507374516156,0.2800175432303388,0.6302661214305536,0.7414094184909198,0.07385524493638179,0.5528233947153484,0.7283771095572352,1.540946644584703,0.9739707091011094,0.9792803831644393,4328,6
1.1883221084474824,0.7835683292136347,24.028148670444445,-0.29105463071454857,0.4954522938004546,0.6537545600763783,0.12212691942204147,0.648515771613677,0.7252224869332857,1.5206713012714579,0.9681679060041051,0.9641657012870436,4370,5
-0.9621743816076165,0.15005471885810767,23.610482433097015,-1.0878959908138022,0.3961445154447708,0.5667982228262896,-1.0210088299547524,0.3190874322263065,0.45873308517366107,-1.3831216921870517,0.2310958801473477,0.450094316620652,4446,9
-0.9801124177173874,0.12787254071809978,22.443861992702786,-1.7134269349039166,0.2906089441249267,0.48055968166551205,-0.2517291921073085,0.5424504350155253,0.6260926715311781,-1.2080205535534865,0.3644680648506857,0.5388843700097495,4822,9
-1.294785176638335,0.043558094218868734,21.082090358311554,-0.8632389635737154,0.4660318271058157,0.594766020490446,-2.126770146693446,0.15364014868722423,0.31489123009741327,-0.665637831132232,0.437055178134952,0.5213578213049422,4830,11
-0.8471168077885093,0.2877568792153,16.434899401456118,-0.6566737838544062,0.3606825895129745,0.4927298237569309,1.254351258151114,0.990739281738354,0.9663233198937772,0.9843222338510056,0.9135109424658099,0.9001695872396392,4939,5
0.7464612867489046,0.7908841048341279,24.684122459093896,-0.626084158753371,0.4988995960197388,0.6226533934737535,-0.4098942363624046,0.5886143534318595,0.6609265249673709,1.143175634170715,0.9386903883353713,0.913761989795461,5002,4
-1.608281656061301,0.1044197815107414,12.739924958660536,-1.6122655246321578,0.2924967181297575,0.5338445642692965,-1.896921177204892,0.19391665102366912,0.37164807317470505,0.8568011163750066,0.7054653878819421,0.7396255037035656,5155,9
-1.414006588208522,0,28.21423050263514,1.4146756882485996,1,0.8179903790775823,1.4148445413190553,1,0.7714802208864125,1.4144886750027619,1,0.869228408181747,5734,3
-0.7614960464699687,0,33.05277135578475,0.6513908921918808,0.948824521873433,0.993516370614801,0.7825915988881648,1,0.9170935957348325,0.6519180005876338,0.9457141629072907,0.9521104182413083,5823,3
-0.10986597823685158,0.4325171566483509,28.241987474105166,0.10607096674143937,0.5647341631274201,0.7946858561590502,0.10510796067939976,0.5640371486173088,0.74262198342122,0.10713503978138614,0.5655045523266515,0.8522304906620018,5894,3
-0.9955919416435629,0.16835281704914404,28.244429709721203,0.031058286309707153,0.5623007872147473,0.7926489851897588,-0.15943099672984362,0.4876010251346365,0.740103975305522,1.0895677004113005,0.884291031341522,0.8507420509150454,5939,3
-1.1405262250113637,0.08560923547178215,25.8942166972373,-0.02695237402858765,0.442632033405785,0.7234897586048482,-1.4794997426501124,0.03710581033058279,0.5689073380687346,1.2299105635686836,0.9550112002504022,0.9728229466356398,5945,5
1.61225768091633,0.9142794666475841,23.55393488952712,0.13882733086002488,0.6156783376869774,0.6930031566955649,-0.6241495244063552,0.5549716199271818,0.6527573589632595,0.798787195957027,0.7979664063528683,0.834158586307142,6164,5
-0.42146600305020276,0.2132865776730051,25.780181172585333,1.048589290567977,0.9486848086162891,0.949556898039491,-0.27728217325292354,0.6574108243912762,0.6931018358410316,0.12909232773253973,0.7101338010252041,0.7385923414222394,6483,4
-0.5090354455906109,0.3045209999854184,25.96299564843252,1.1075529918733376,0.8149227363496955,0.8441467984443826,0.6537281986507538,0.7403818039876723,0.8134823970555125,1.5974941126834576,0.932103924697767,0.9084642365921187,6499,4
-0.7083881937538207,0.25895599462488195,24.530493928790865,1.7138388188442577,0.8991512603985011,0.8783470888295041,-2.685152232436979,0.040341989980014294,0.5273349670859224,0.3709883101678145,0.5903305668363821,0.73163615237086,6545,6
-0.5097139093184163,0.31151436496297863,26.00016891069096,1.1614010443021188,0.8254601622087323,0.8489467098690714,0.6768309009682976,0.7469777826029296,0.8153433375697585,1.604136074170903,0.9310571228569342,0.9057357760625517,6564,4
-0.4996697350052903,0.31681993525141644,28.22238028410586,0.6316848456655577,0.601501896716163,0.8111182596556146,-0.2531770034013203,0.3813209692457139,0.7629610477230768,1.3532002996972259,0.8888915774082595,0.8642220788504118,6601,3
-0.3522173222412705,0.3924906680366766,25.80090203241751,1.7473569238822082,0.9238647084927631,0.8693914894878333,-1.0247063051713574,0.252592622050779,0.564459922753654,-0.2279989462225459,0.4396052889927086,0.6599149451631063,6637,6
-0.09361049067914806,0.40961145801808585,28.319642617216267,1.2499195780770576,0.8161022815760716,0.8300469701266314,-1.7382588593141386,0.10635534125041551,0.5136250693800014,0.21208600449457865,0.5719393820747822,0.6881989388290047,6660,7
0.11377256706807197,0.49526271030106017,31.5756721299464,0.847547938401397,0.7471465562615203,0.7781943486935893,-1.5561544443385391,0.29044966723545,0.5214057031432033,1.3716493109515469,0.8569996481830766,0.8536160280151699,6693,5
-0.023199388293143972,0.43839366016476217,28.392606247738392,1.0697771953381312,0.7711546206965242,0.8082866879045985,-1.469595585656933,0.24585801821074912,0.5321947364611916,0.5031855157745201,0.658507270816305,0.7233135436722536,6696,6
0.5099806312763083,0.5682736509377226,31.216154947094832,1.2148234755926042,0.7741860825973903,0.7941229333584753,-1.6237094779446557,0.22264457779110622,0.5380649008381542,0.03604675497498411,0.5584335481681937,0.6675994460065112,6701,7
0.07413675359623238,0.4969492668776328,28.27128534760043,0.9987671857780033,0.6603180922147022,0.7254525252184552,-1.2427882386661704,0.3247297397817236,0.6192210978413447,0.9107227041417584,0.6690642038401222,0.758810766912319,6747,6
-0.11730011623283056,0.3400375826932413,25.327666495624822,1.6492342692051793,0.8800950776050418,0.8606044983523748,-1.6169880845077702,0.22685301667477056,0.5399865780641595,0.869237678311651,0.7477087296774809,0.7911896539266742,6755,7
-0.5384422157847888,0.2147411056981063,22.620024182610244,0.8356744761354222,0.8072442140952772,0.8150694574919574,-1.1918745492976448,0.40634941461392277,0.5356110925423367,1.3184334470729644,0.947511728053455,0.9309298820109824,6770,5
0.052351378953509546,0.4189660977242107,28.319521047484766,1.0375949969135518,0.738189297520086,0.7713288831083255,-1.1481632048510184,0.39283578918935924,0.6015147600514177,1.2154717906881942,0.8129320934126352,0.8347295885826554,6779,6
-0.6118794412803696,0.2730920235378364,22.808264972658026,1.5575285045071934,0.8975722396234234,0.8596423972658608,-1.5691663156852058,0.20374459046074647,0.5344704670872849,0.8114524858052451,0.7377053463068938,0.7599035502087248,6786,6
0.18061343641512848,0.49137190568153977,30.6557211437361,1.0932966142052363,0.752723632957512,0.7845737276742047,-1.8148690837167516,0.0943448335935977,0.5339494842272924,0.5046641636268326,0.6365721825327724,0.7182270520249047,6803,7
-0.43466560337142707,0.21196004457094542,25.711413895862083,0.7362413098715492,0.8680211182894894,0.8694284703989672,-1.873277034682204,0.2610114958911712,0.3422390933456017,1.1470284773788864,0.9775657460478652,0.9653359729788242,6882,6
-0.2802294317337705,0.19534650664111838,24.525740353149914,1.1087414089629681,0.9487266916322237,0.9456589912406681,-1.8495684025512524,0.2828327868383331,0.36489116695756396,1.1500483060588007,0.9755844309467033,0.9720082498043476,6887,8
0.26720813768028046,0.514253905624621,28.854932672697824,1.4328162714604877,0.8307678210502254,0.8307814044600482,-1.4396115145169994,0.24638869676538855,0.5598546065158924,0.05760300132106806,0.5589594174900019,0.6694137323493364,6935,7
0.788496292453744,0.6174360130891545,34.16936231430195,1.0494360226670334,0.7459150042502439,0.7899456038645573,-1.4533104559795837,0.2751512079911088,0.5459409302587602,0.1149990911848866,0.5742704473746822,0.6821585880903198,6998,7
-0.5650507042569305,0.2362782649324799,24.696914360434167,1.1735570691966606,0.9459169433450532,0.9474686146445854,-0.958163414613577,0.44744472665222823,0.48270234362623116,0.5419483181074196,0.8164362928362345,0.8250313459386414,7014,5
-0.9277580075657165,0.1620551485805289,21.113514461700294,0.9446254872177107,0.7869295375223793,0.8075509640707382,-0.8523967975026425,0.43350107388211634,0.6005177206365419,1.775477184932026,0.9343227074016198,0.9279811519912999,7062,8
-0.4358407994325434,0.2775083468826625,23.44624500472976,1.3808304242029605,0.8742094274448237,0.8527999541776112,-1.6234675599807293,0.32014543598153766,0.5127356989396088,0.46530096491853684,0.6929843197927246,0.7432665479256627,7073,6
-0.42652199653313555,0.20124033344447656,23.942469814016242,1.1884345066491586,0.9487408365980703,0.9401807548944348,-0.8690113206512896,0.420842342343871,0.47560394960539204,1.2598006360491627,0.9458820177893533,0.9408090099017047,7086,7
-0.45536625775931217,0.20097895617954695,23.847753198341373,0.6849846998600116,0.8095999543428188,0.8148599390195825,-2.388219605856188,0.1842087212863421,0.4530404784519244,1.456231802530968,0.965319625991959,0.938721260565331,7100,6
-0.8442895164779561,0.16457490609003733,20.211893641029405,1.4038296073568401,0.890917928348517,0.8629146976523239,0.893587090067738,0.8208754858245569,0.8417443155015406,0.867806110901191,0.8060235869970249,0.8108452520376307,7154,5
-0.7099079642485062,0.1807760152473902,21.43556737912448,1.2302186037441052,0.9303604859565833,0.9209511183170285,1.013197488324862,0.8995144572738673,0.9066209554828673,0.5361164320178352,0.8005305978864438,0.8045281169422759,7204,4
-0.5075263910079211,0.18111500747215714,21.189290175737394,1.3517714194025985,0.9420344577081544,0.9342988740316482,-1.0022066961057445,0.4289048722690496,0.5540461974006241,1.3363593109228122,0.9672597095390243,0.9613901595306503,7235,6
-0.445819024597836,0.2568179351907246,24.141458358308466,1.4387383156824378,0.91799245399395,0.8966741140463292,-0.8754246336213029,0.46370326015639995,0.6003276777106071,0.5910349343737423,0.7586326997149613,0.7827330882450093,7241,5
-0.6198121662053254,0.220690116262337,25.368928295570097,1.0562999106558826,0.9007239357291301,0.9050921495055614,-1.1700961231088378,0.3667272969948487,0.4591325841382887,1.1741221744960293,0.9185374921471395,0.916434454609068,7262,5
-0.2214597583257278,0.25956939994601297,26.038354261841448,1.1744882733618958,0.9414269042609156,0.9302909003032254,-1.2133416366714604,0.4091473619214027,0.49861199071593787,0.8452361645014378,0.8843683376016679,0.879773846524109,7292,5
-0.2727070611041314,0.36618327522801153,27.214834491419634,1.4747173903160735,0.8619690277116151,0.8138277242213482,-1.2699522533040197,0.2132744788508727,0.6125034433248999,0.4607725187822411,0.6240696010372061,0.7074652698411029,7308,7
-0.4494419377607681,0.2230493684522846,23.216790761786182,1.3162910862179862,0.9561752964619907,0.9342206681615743,-0.9877530152251859,0.46123676099678346,0.5554679769792652,0.9282941248999603,0.8882941635519641,0.8783778888246423,7310,5
-0.6345945642954683,0.21321430911909292,23.105424227685184,1.311080402781701,0.944824340594852,0.9360476147768443,-0.6962087951674848,0.453488904852464,0.5583829251739318,1.2253911650200169,0.912413602041123,0.8981720646444747,7332,6
-0.9142273376183093,0.18528887186862844,25.77946767622005,0.6316642767800545,0.7858216909375346,0.8041253220400901,0.050354518549300745,0.6767386158704515,0.7220261909663975,1.38638085792889,0.9362397309593415,0.911234075931773,7367,5
0.7569621889323291,0.7371107278710406,34.92438475883229,0.5740708805008307,0.6324861697975647,0.68797839585998255,-1.4213162218019564,0.27418453373623036,0.6300927752496414,-0.2457652965457081,0.47657903562762705,0.6416296614363491,7431,6
-0.6264750444839732,0.29575372212580187,24.733420225729997,1.8069383552948182,0.9318617828334024,0.86635448205456,-1.6696862207191905,0.21973682536826206,0.5575824876450188,0.17251179370906167,0.5785670958729449,0.6786444093826436,7480,6
-1.1079942865132657,0.17873018553986716,22.152741949396983,1.2314646679036256,0.8525645876646314,0.8725843976441743,-1.1411767023879997,0.33667182236033844,0.5345914448805684,1.5187536789231464,0.8876402710441947,0.8937877752222186,7483,5
-0.5713110638123362,0.2121870852188509,22.15078902026147,1.4230249572131426,0.9356781577125993,0.919973820897969,-0.9473348897500816,0.45845414812012414,0.5758797289433092,1.0414182077840344,0.879965920490995,0.8797210084288738,7503,5
-0.957703709666822,0.13016938050302615,29.539559066126596,0.5087784505996518,0.8621207807113039,0.8720797730812022,-0.818434791736522,0.50734265229311,0.5585244734421038,1.0444515466096336,0.9217513747503612,0.9234584840811333,7542,6
-0.4095896027082765,0.27532753072647054,26.901924698601754,1.1550006245725761,0.9106061865018555,0.9151926050092294,0.9407266827629064,0.8684981474087748,0.8985449144500206,1.0907880607464169,0.8932836010997992,0.8884653970679799,7554,4
-0.47701745608519996,0.3000996279527828,26.511216650491882,1.1648391590890956,0.8668113094320171,0.887233821668197,0.8255271253450196,0.7996927859207202,0.8625588498754284,1.5358570397299232,0.9430342520279715,0.9292829237000754,7555,4
-0.10741587721694607,0.4383785341645108,25.832077168524552,1.704553534614081,0.9064777740841927,0.7973457874965795,-0.8498378555916215,0.3887528254578927,0.6588702288353036,1.0985006136082422,0.8008984602125789,0.780817361420686,7593,7
-0.9667159543725624,0.12578328722693063,29.24948850954627,-2.029680360341544,0.27567319098134685,0.33486891677292585,0.058872248594141516,0.7310171443455314,0.7431333333956576,1.1572041380588105,0.9593297758245415,0.9586597821826068,7655,6
-0.41543577159988493,0.2902717708090712,28.089987973597406,0.9943009033420184,0.9147334170954461,0.9488344325421767,0.6094295152307133,0.7505591176775886,0.8651468474278264,0.8078016370891268,0.8099314081353904,0.8919472571609041,7700,3
-0.9151322416076157,0.14562282476859642,30.720821971304517,0.9720989067691751,0.9826156739021547,0.980258781068825,-1.3229493010317175,0.3908512961312784,0.4308203376473753,1.1116706786919215,0.9756882573647189,0.9729453194929455,7714,5
-0.42349864987248126,0.33889113520417613,26.467777176085523,1.191979319278239,0.829912712809628,0.7884960752095341,-0.6021598115256762,0.4619410007951804,0.6772778519563748,1.5654793037597632,0.9031468184794361,0.8293818271759936,7725,6
-0.9988933099975442,0.10580694286982044,31.112230492010017,0.7403121110538057,0.956573763570784,0.9581752174980617,-1.218917379350033,0.35326169760515663,0.40576152640533886,0.9417192423999018,0.9632681101765095,0.9613846638643069,7769,5
-1.0272410682655562,0.08171666765967225,29.66945120441141,-1.971615415319786,0.23099195582832663,0.3349221761688186,0.2748462292819449,0.7644871689510049,0.7687597652591023,1.147720594132142,0.961553906309908,0.9516252374974739,7824,7
-0.8892247235856964,0.12186500505004297,31.48760699555453,-1.9346862760529673,0.23139331366731367,0.3425238948371198,0.15164788345869476,0.7039295216054992,0.7226331405054872,1.1839515539652714,0.9502280184366396,0.930591674178309,7842,6
-0.9967543689843371,0.15896586856229697,20.3989842288531,1.533132106862589,0.8559422447752247,0.8612352223301546,-1.1244367248939389,0.20747424535593473,0.602221593582463,1.5107398467974689,0.8135037303794781,0.8520062102383609,7899,7
-1.0177676661488129,0.12620989823498366,32.100046202617726,-2.1234892053202334,0.21854668164877186,0.3834914722804755,0.05338196531393427,0.7015891973499604,0.7173321849997956,1.0424183194140748,0.9029307588878548,0.8901614201069218,7909,6
-1.1477772479588217,0.16731659744982919,21.30146487765608,0.7473627659958905,0.8007356400670382,0.835774050911457,-1.4477009453130292,0.3159469951765668,0.5169641627441433,1.4065029536177838,0.9094805596761855,0.9212918623194395,7930,5
-0.5892097299116749,0.17674908621049373,30.06818003234901,-2.351967572821714,0.07447074012165901,0.1839880668804083,0.16576811111744374,0.7592342334325954,0.7713178166786596,0.9922161572825833,0.9680971102394188,0.9621455212519988,7932,8
-0.4004376245841655,0.3224394251041143,26.635561483304198,0.8935877289762287,0.8022811289255556,0.8349455189696465,-0.9599379481227575,0.44437036670992536,0.6803737306199059,1.188409208384662,0.8095359200465815,0.8402366562443515,7973,7
-0.8573830100993333,0.07834806841586862,29.478089011441266,0.6865928543040006,0.9771808108759565,0.9758659967915191,-1.1322635149478069,0.3520174005918273,0.3738097249529318,0.9334869571406527,0.990366421257347,0.981352887887413,8010,5
-0.4547434826932267,0.27037943551309146,24.740089641650712,1.4069550114564344,0.8851602003844321,0.8625800966250157,-0.779847678737435,0.3808279769752536,0.6394516146446833,1.4179292022341616,0.8683315623407005,0.8589595309452485,8017,7
-0.7331679255846961,0.09285503396492183,30.81400701332197,-1.827143902855454,0.21070580990895832,0.30146553609844623,-0.9481835756601483,0.44176118268275477,0.4796551805042868,0.7513722914821143,0.9090692062593407,0.9014118852281662,8021,7
-1.0762698397558228,0.14308054043445137,20.462227678414024,0.6248351233514694,0.7923269334412095,0.8206996849955024,-1.7227608145134847,0.3123141027494723,0.5332933425764389,1.6688768251288661,0.9756543764217065,0.9733700963960629,8052,6
-0.9941347593199231,0.16354187468441103,23.48697222331328,1.1935328369225053,0.9575803947471634,0.9558964532662809,-1.114960567699461,0.3294570872599602,0.3706497523922027,1.3110330101477108,0.9353668507525678,0.9350214652129195,8070,7
-0.5491579551454471,0.16029693903746667,22.003622845321168,0.6073215792716264,0.8202243765403915,0.831093402711022,-1.221732719056464,0.305161293104664,0.42959926542464644,1.3538330092257809,0.9882277899141692,0.9867712062901617,8099,6
-0.5389201428683217,0.1918177095828456,28.348059973217364,0.8867395579007548,0.9870696714802575,0.9826307654236411,-0.7871827374410698,0.40591359230248375,0.4207607949783852,0.9989616971095744,0.9802526496711821,0.973962285418697,8145,6
-0.9028759744951479,0.16076788565946773,25.078241980274512,0.650041603969165,0.852323483806693,0.862477025073326,0.45079470006113875,0.8061196147537948,0.8414649430497444,0.9193080962915696,0.9250666433364375,0.8951762061762658,8154,4
-0.6859065458323136,0.2800165316585086,24.72052675632685,1.3696788981528487,0.7985176381118159,0.814867911477866,-1.4711989692076681,0.3007431858183278,0.5738428190816938,1.3861492018279933,0.8444161641266354,0.8151907484218508,8173,5
-0.870449431765024,0.15058168593860294,24.640444019053206,0.5942357394548956,0.8591169887079513,0.8630857371148745,0.4527983181968332,0.8303226953124317,0.8519377869077166,1.10368020560966,0.9814007481594715,0.9612820157643256,8238,4
-0.3333207097060434,0.3416388795594799,27.225937160322502,1.2159369841498884,0.841649085603034,0.790501943623201,-1.5593058925830825,0.2539377737257884,0.5737618826133266,1.4410561437276483,0.8893775025613653,0.8153173833666751,8251,6
-1.2644319796982144,0.11863920231804595,22.89866803867565,-0.004217192404164852,0.696529168916175,0.7853433741549801,-0.1877532556934327,0.6657309256027971,0.7639852457267421,1.1929066646156645,0.975662533148967,0.9664128004877266,8331,3
-1.3720960831146558,0.13087038058158232,22.76655260997411,0.6045835355847753,0.7662195395980389,0.8035867623143306,0.2595287680132735,0.6698164436944888,0.7760854561362803,1.1192685374252727,0.8936301864736741,0.8471636043859196,8363,4
-0.8937131996531295,0.1623497843805948,21.861214548414758,0.19657866584198092,0.6880575346931571,0.7315756540432198,-0.023844473164468197,0.6247726485793211,0.7063202771010364,1.2462880159624314,0.9414469591027864,0.9213911690295254,8398,4
-0.8631326682451499,0.1518505899084648,21.13527298874753,0.17109645496258827,0.7042280666366482,0.7329891822615736,0.01754404855427408,0.6519381175993294,0.7169157948417635,1.34107443877675,0.987364988594652,0.9799687417610027,8502,4
-1.472834842629538,0.07461943539450995,18.454442817682413,0.8633119862161882,0.8334397230665598,0.8524646560102419,0.7632336672350754,0.8173109780708668,0.8573730063629135,0.3979691429858069,0.6991839697547442,0.7459089262316506,8517,5
-1.139404812063226,0.12528584817249047,22.737826224821855,0.29728050730664535,0.767974394606547,0.7837841146987811,0.25437693922097726,0.7303010536506342,0.7691305586360971,1.3118880910134008,0.9859945249064147,0.971116945048966,8527,4
-1.9516074881287206,0.07579380262924695,21.58072258480665,0.5788911129424683,0.7353953004310781,0.8153907483508874,0.5380839081983021,0.7226930793741518,0.7912928266364294,1.02874512602103,0.8020205900989238,0.8340957477382508,8558,4
-1.0983443995383406,0.13495064583824506,19.950592863253714,1.404579487840469,0.9221390049437093,0.9279972173871568,-1.015262562362537,0.4166989924391011,0.5927135707827242,0.6248337250398972,0.7057814778601135,0.7539902043785769,8565,7
-1.677046341574814,0.10369149877936439,18.798129121121956,0.9343366485711206,0.8183179916429727,0.8391650859596242,0.4491372495736378,0.7150458409237609,0.7969944182948184,1.119018173474692,0.8144733924768596,0.8372781143959388,8632,5
-0.8318305222322142,0.16147343064712294,23.215412174893476,0.09105760967851353,0.7018729729928086,0.7819889181716824,0.02891947011815935,0.6526376069918378,0.7603181580614622,1.2562917310738204,0.9942238619485139,0.9826053911914786,8683,3
-0.5695326109034197,0.1666089922731821,24.804204453148397,0.781212380973943,0.8851424218804043,0.8875996153001021,0.6395351944574639,0.8536306750076911,0.8817336674808516,1.1614029540834676,0.9891086005091172,0.9826024311717124,8733,4
-1.4273029508891737,0.18260826768129151,24.63161949209329,0.8885500028475796,0.7768430502275455,0.8206737454894268,1.1517336140257046,0.8091610681747322,0.8510818655317329,1.8055396186038977,0.89106506491989,0.909518301063499,8819,5
-0.6887927996482479,0.33361359598110985,35.7342960877241,-0.7949488355892198,0.4458412339555896,0.6090767049062429,0.7076513510209492,0.765351010090635,0.8481176491119413,1.4054772103509656,0.930058251460833,0.9211451148035027,8896,6
-1.0972053079176767,0.13468968181768232,23.459329305808016,0.5723659850398977,0.8595985717010616,0.8837340695663704,0.7087495264465945,0.8680551294722216,0.8718342545037452,0.8902292334098673,0.9106947824191907,0.9060970821603245,8923,3
-0.6788316711637554,0.23793729929902332,23.626862065523866,0.642701297296275,0.6950342878824534,0.7583947086656603,-1.421576794021322,0.345813407824282,0.5381887788212671,0.8633563419104003,0.7579907725445892,0.7943672790342234,8973,5
-0.3921190140861502,0.2506899197154343,34.66345807058479,-0.17634017311984673,0.6071400375233446,0.6722485067684111,0.7033427549389855,0.7784460012292519,0.8068826345783988,1.0161955986631486,0.8457625544325602,0.8398060147578738,9063,6
-1.1461224459211856,0.10958304632182321,20.819859766266717,0.5939530778334932,0.7938726058439596,0.8124584665918075,-0.8191831876858932,0.4002111707297598,0.5256836243173943,1.5385387888375188,0.9825744700156893,0.9765883034296663,9180,5
-0.636301987351551,0.21071823519632313,23.49821227508817,0.7230865194006548,0.8484809792415203,0.843653068781358,-1.4808969689459963,0.3212957772572204,0.4880484008503978,1.3123052929240875,0.9548438808498578,0.9259429825854375,9218,6
-1.0991197604499923,0.15799393802561987,24.524820205223754,0.226619804011754,0.7396229015403942,0.7731792458584025,-1.171603215878058,0.4280356527001888,0.5308173448774315,1.3572968935742413,0.940946308760632,0.9240541101984402,9416,5
-1.2387703221512463,0.24054260915885278,30.069010823929467,-1.357184137744358,0.4972233446519618,0.6202483659465761,-1.028383562156517,0.519446397062555,0.6196004821499629,1.579858919709829,0.7243161443297801,0.7526657803334388,9482,8
-0.8719522785196704,0.24640195530634992,27.051560035080364,-0.5911270368265491,0.561651806366064,0.6110269946298866,0.5768839526990367,0.7256636129734492,0.7701473509278617,0.5505354415479833,0.699366175756837,0.7326267083845834,9520,7
-1.303315724069227,0.1393813492783208,24.889481108567907,0.39306754221269374,0.8700095485702534,0.8921768934962088,0.46765192576122744,0.8601243309779552,0.881114749528021,0.7603068667146595,0.9507062088177625,0.9575782035709595,9531,3
-1.0780936468863744,0.1369105613005508,23.936276431540595,-0.6689980346450287,0.5978773314418618,0.6345730366752745,-1.3355323071150675,0.3319469346045294,0.40243020790609485,1.1319392699800468,0.9620539458470749,0.9541803658399062,9535,5
-0.24143261754691642,0.4715981782245118,30.97099884405664,0.5080516472568242,0.7512992751122841,0.7712529783848106,0.2659093283836071,0.6873048204560129,0.7704632942740779,-0.13578552055547125,0.5736816368813051,0.6505148002241469,9582,6
-0.05546062320158771,0.40023335071877675,31.025757585854315,0.8638089952207406,0.7893196681092872,0.8091555672239653,0.13294003082570846,0.6441202630008189,0.6889702643503788,1.0977930741769502,0.8355889610148954,0.8421831067594834,9679,5
0.6222692491211137,0.6100546225062573,36.51503374990265,-0.4332746778526577,0.5542164849816137,0.6590997238507542,0.657888268067239,0.6881914332103232,0.7635543020513714,1.1101837045818466,0.7691436222558848,0.8036465677065352,9752,6
0.24289031519277737,0.6578408558528918,38.85665708677776,1.1006989967186216,0.7790390834072582,0.8029403835889447,0.8071105014297425,0.6748534869025461,0.7714854332207118,-0.16340514955774232,0.4943197569267172,0.6685456417875023,9768,4
-0.4598827108263643,0.2628372194775406,33.9354285363548,0.2531436626527776,0.753965761748661,0.7803057745855176,-0.028249254896811654,0.6342939537286499,0.6746420348417589,1.257933257690687,0.8673212978825071,0.8756844352339757,9976,7
-1.2745570876687629,0.15142770541448508,27.523926935777137,-0.6430198441627352,0.5360335100964805,0.6395775599725831,0.21525604680329152,0.679110332234496,0.736183520317463,0.7330025995498137,0.7616097730999751,0.7889238532963417,10034,6
0.10229956214917926,0.39057193797121204,38.19230649268837,-0.4496340090687678,0.5991290467886601,0.6822166318797925,0.6333267161952488,0.7318784940972081,0.7748751819789363,0.7270690824634215,0.7290754538795698,0.7760124743389502,10100,5
-0.7040171074390997,0.36318265528332144,35.65735704732064,-0.57345345912633106,0.5681084516732435,0.669424502956109,0.897460868149531,0.8510348664236416,0.8863686805851929,0.4062517068808095,0.7391854082531053,0.7937682764801169,10119,4
-0.4423661288209824,0.41892987000258747,41.31718210715807,0.8764784271535003,0.7171656140099749,0.8359736933299624,-0.4038912207193359,0.42824160016049256,0.6486942219249886,1.6413523149658784,0.8619025863404298,0.8742258827716893,10774,6
-0.6700325497422751,0.3706201881151137,43.4011821162094,-1.921584193322733,0.3781673042024898,0.6487914042855252,-0.048363045266070784,0.5815443225982998,0.6621692324885031,1.7759667399323067,0.8487634344866047,0.8443624646187492,11000,9
-0.7216519925516893,0.309667702645146,39.79881100038282,-0.018744008634946473,0.6896264866320638,0.7999043409189164,1.1082533728024946,0.7770547278351644,0.8003374000183808,2.211473791120198,0.9368904928993694,0.9336461862312695,11197,10
-1.2509005591486482,0.1480656816357005,29.271102585787382,0.3535179319508288,0.7498589212509806,0.8304668688516439,-0.8258265022546738,0.3897605865151653,0.5763072015485616,0.40131389743024604,0.6734866265608441,0.7647018398066778,11536,4
-0.7660875479745992,0.2484601337640911,40.54425130559544,-1.619567495842429,0.27754130138918387,0.6400098845543135,-0.022043417811855953,0.5630176624278799,0.6740028801001092,1.267777279521869,0.8157996144694041,0.8221223272559027,11554,11
-1.5687277737952834,0.07620287059244771,16.75205268975633,0.6831601876386564,0.7423381879735192,0.764214437253424,0.42121558027449874,0.6761416474539588,0.7327142616262649,1.3390625779396756,0.8827678219176341,0.9012285782751351,11699,5
-0.6053981069616102,0.2009252885814347,29.357336823569284,0.5155502295108828,0.8130201080106367,0.8189536149196424,1.0054465503925147,0.9737011152239138,0.968671598365786,1.3120917091982935,0.9801284255021155,0.962918436176463,12333,6
-0.6379129444678533,0.17371614034832336,28.324110660881637,0.4044242445214116,0.795679736521564,0.7968945827696388,0.9710010610563421,0.9865618746660512,0.9726189432264636,1.2499872916373533,0.9815665829590612,0.963503899036603,12349,6
-2.3382193659757244,1.5375137184042528e-10,22.375228259926857,-0.5551742479438672,0.40482397799871,0.6243013230116877,-0.5277818920507329,0.44797112409572365,0.7067836437621585,0.9092999828729266,0.6717827446267477,0.789150135220871,12743,5
-1.7893883569292994,0.07759330894097854,24.96269321588695,0.8823787749013384,0.8365952162377894,0.8793151304581851,0.06670996812960404,0.6966360183610888,0.8026030653972018,0.17157370746438957,0.6008933680197122,0.7197431466721425,12745,4
-1.9500094568348918,0.046778181595008836,24.290301603481833,-0.08489066144200975,0.4701959021348792,0.6549624182084629,-0.6463484665747484,0.30494894122772476,0.6598951935341103,1.4859235756442446,0.8199938863054685,0.847879669244687,12748,7
-1.8506103643420952,0.12357507541528534,28.231922282478575,-0.3574515405931228,0.529912152593471,0.7555866406364884,0.20579252099096693,0.6999763734269968,0.8525032532392323,-0.4603645123991417,0.39108302920140287,0.6963852138738235,12755,3
-0.42992040716445035,0.34625553682038573,36.80621535808736,-0.5344066479460616,0.6639940075780669,0.7302268846040344,1.2635696221497092,0.7534576905968099,0.7851576560861087,1.7667769891983487,0.7966168736031491,0.8103421649649669,12760,10
-1.4072941824067948,0.12652503835486933,26.4662715782304,1.1453542917110147,0.9182544902562719,0.9291244245627924,-0.35857065041058445,0.5402482679245785,0.6716128194286342,0.9946222073140873,0.8176564133310338,0.848273035133836,12761,8
-0.4770814362541545,0.3716663292340936,43.78180767929047,-0.9630487762076342,0.5423093896649959,0.7293498161865665,0.7362674393328796,0.6965289173349682,0.7578301306613298,2.3153620422652805,0.87168079539106,0.889892600048642,12784,7
-1.0564415633319921,0.09456275507916405,24.98125603279153,0.8266039387747585,0.7563760750443376,0.7945416055325251,1.779646493690033,0.9595965667680425,0.9574683548926529,0.5486502726459034,0.7840095059628637,0.8051236158916856,13030,5
-1.214418910730493,0.08564891729086523,25.31496479873428,-1.0848173230475624,0.4054085091651053,0.48747100855071795,-0.4478484632656299,0.5164934641415705,0.5797949397065628,0.28429254772677537,0.7328310365321257,0.7699251028740658,13076,6
-1.9679640437415142,0.1098960759276655,26.097083411832525,-1.067236652141322,0.5489134176948683,0.6196057650912583,-1.5017382906255623,0.41333577094989105,0.459597916555327,0.501374590447489,0.7349627955907055,0.7789525696575003,13097,9
-2.217273180994563,0.09440821087393837,24.685204560517423,-0.8165480650558876,0.560220751560272,0.6151568050152976,-2.2351561344369686,0.2898559622836545,0.3585839233015915,1.011932181728558,0.792456132329431,0.8112804438536898,13130,10
-0.8909682351902832,0.08345410535967188,33.64931044828043,-1.2445711883137567,0,0.5119797698985673,-1.0383326510657778,0.16659385318794434,0.5345265392531113,1.104529020936538,1,0.9387260577447667,13183,4
